"totalQtyOwned","name","printNumber","finish","variant","expansion","game","condition","language","price","finishes","rarity","riotId","cardType","superType","domains","tags","orientation","energyCost","mightCost"
"3","Meditation","048","Standard","","Origins - Main Set","Riftbound: League of Legends TCG","Near Mint","en","0.17","Standard, Foil","Common","OGN-048","Spell","","Calm","","portrait","2",""
"3","Legion Rearguard","010","Standard","","Origins - Main Set","Riftbound: League of Legends TCG","Near Mint","en","0.10","Standard, Foil","Common","OGN-010","Unit","","Fury","Trifarian","portrait","2","2"
"1","Riptide Rex","092","Standard","","Origins - Main Set","Riftbound: League of Legends TCG","Near Mint","en","0.17","Standard, Foil","Common","OGN-092","Unit","","Mind","Pirate","portrait","6","6"
"1","Solari Shieldbearer","051","Standard","","Origins - Main Set","Riftbound: League of Legends TCG","Near Mint","en","0.12","Standard, Foil","Common","OGN-051","Unit","","Calm","","portrait","3","2"
"2","Soaring Scout","216","Standard","","Origins - Main Set","Riftbound: League of Legends TCG","Near Mint","en","0.16","Standard, Foil","Common","OGN-216","Unit","","Order","Bird","portrait","2","1"
"1","Confront","129","Standard","","Origins - Main Set","Riftbound: League of Legends TCG","Near Mint","en","0.16","Standard, Foil","Common","OGN-129","Spell","","Body","","portrait","2",""
"3","Sneaky Deckhand","176","Standard","","Origins - Main Set","Riftbound: League of Legends TCG","Near Mint","en","0.25","Standard, Foil","Common","OGN-176","Unit","","Chaos","Pirate","portrait","3","2"
"1","Thermo Beam","022","Standard","","Origins - Main Set","Riftbound: League of Legends TCG","Near Mint","en","0.46","Standard, Foil","Uncommon","OGN-022","Spell","","Fury","","portrait","5",""
"2","Cithria of Cloudfield","139","Standard","","Origins - Main Set","Riftbound: League of Legends TCG","Near Mint","en","0.15","Standard, Foil","Uncommon","OGN-139","Unit","","Body","Elite","portrait","2","1"
"1","Captain Farron","015","Standard","","Origins - Main Set","Riftbound: League of Legends TCG","Near Mint","en","0.16","Foil, Standard","Uncommon","OGN-015","Unit","","Fury","Trifarian","portrait","4","5"
"3","Forge of the Future","212","Standard","","Origins - Main Set","Riftbound: League of Legends TCG","Near Mint","en","0.10","Standard, Foil","Common","OGN-212","Gear","","Order","","portrait","2",""
"3","Tideturner","199","Foil","","Origins - Main Set","Riftbound: League of Legends TCG","Near Mint","en","3.25","Foil","Rare","OGN-199","Unit","","Chaos","","portrait","2","2"
"1","Volibear - Furious (alt)","041a","Foil","","Origins - Main Set","Riftbound: League of Legends TCG","Near Mint","en","2.25","Foil","Showcase","OGN-041a","Unit","Champion","Fury","Volibear","portrait","10","9"
"1","Playful Phantom","049","Standard","","Origins - Main Set","Riftbound: League of Legends TCG","Near Mint","en","0.04","Standard, Foil","Common","OGN-049","Unit","","Calm","Spirit","portrait","5","5"
"4","Brazen Buccaneer","002","Standard","","Origins - Main Set","Riftbound: League of Legends TCG","Near Mint","en","0.04","Standard, Foil","Common","OGN-002","Unit","","Fury","Pirate","portrait","6","5"
"2","Watchful Sentry","096","Standard","","Origins - Main Set","Riftbound: League of Legends TCG","Near Mint","en","0.15","Standard, Foil","Common","OGN-096","Unit","","Mind","","portrait","2","1"
"2","Faithful Manufactor","211","Standard","","Origins - Main Set","Riftbound: League of Legends TCG","Near Mint","en","0.15","Standard, Foil","Common","OGN-211","Unit","","Order","","portrait","3","2"
"1","Arena Bar","124","Standard","","Origins - Main Set","Riftbound: League of Legends TCG","Near Mint","en","0.09","Standard, Foil","Common","OGN-124","Gear","","Body","","portrait","3",""
"4","Ride the Wind","173","Standard","","Origins - Main Set","Riftbound: League of Legends TCG","Near Mint","en","0.56","Standard, Foil","Common","OGN-173","Spell","","Chaos","","portrait","2",""
"1","Petty Officer","215","Standard","","Origins - Main Set","Riftbound: League of Legends TCG","Near Mint","en","0.06","Standard, Foil","Common","OGN-215","Unit","","Order","Pirate","portrait","5","5"
"2","Vilemaw's Lair","295","Standard","","Origins - Main Set","Riftbound: League of Legends TCG","Near Mint","en","0.30","Standard, Foil","Uncommon","OGN-295","Battlefield","","Neutral","","landscape","",""
"1","Facebreaker","220","Standard","","Origins - Main Set","Riftbound: League of Legends TCG","Near Mint","en","0.26","Standard, Foil","Uncommon","OGN-220","Spell","","Order","","portrait","2",""
"3","Sun Disc","021","Standard","","Origins - Main Set","Riftbound: League of Legends TCG","Near Mint","en","0.27","Standard, Foil","Uncommon","OGN-021","Gear","","Fury","","portrait","2",""
"1","Cruel Patron","208","Standard","","Origins - Main Set","Riftbound: League of Legends TCG","Near Mint","en","0.08","Standard, Foil","Common","OGN-208","Unit","","Order","","portrait","4","6"
"1","Kraken Hunter","150","Foil","","Origins - Main Set","Riftbound: League of Legends TCG","Near Mint","en","0.27","Foil","Rare","OGN-150","Unit","","Body","Pirate","portrait","3","5"
"4","Dr. Mundo - Expert","109","Foil","","Origins - Main Set","Riftbound: League of Legends TCG","Near Mint","en","0.55","Foil","Rare","OGN-109","Unit","Champion","Mind","Dr. Mundo","portrait","8","6"
"1","Eager Apprentice","084","Standard","","Origins - Main Set","Riftbound: League of Legends TCG","Near Mint","en","0.07","Standard, Foil","Common","OGN-084","Unit","","Mind","","portrait","3","3"
"1","Clockwork Keeper","044","Standard","","Origins - Main Set","Riftbound: League of Legends TCG","Near Mint","en","0.13","Standard, Foil","Common","OGN-044","Unit","","Calm","","portrait","2","2"
"2","Disintegrate","005","Standard","","Origins - Main Set","Riftbound: League of Legends TCG","Near Mint","en","0.08","Standard, Foil","Common","OGN-005","Spell","","Fury","","portrait","4",""
"1","Cemetery Attendant","165","Standard","","Origins - Main Set","Riftbound: League of Legends TCG","Near Mint","en","0.05","Standard, Foil","Common","OGN-165","Unit","","Chaos","Dog","portrait","3","3"
"1","Vanguard Sergeant","219","Standard","","Origins - Main Set","Riftbound: League of Legends TCG","Near Mint","en","0.05","Standard, Foil","Common","OGN-219","Unit","","Order","Elite","portrait","4","4"
"1","Trifarian War Camp","294","Standard","","Origins - Main Set","Riftbound: League of Legends TCG","Near Mint","en","0.28","Standard, Foil","Uncommon","OGN-294","Battlefield","","Neutral","","landscape","",""
"1","Adaptatron","056","Standard","","Origins - Main Set","Riftbound: League of Legends TCG","Near Mint","en","0.40","Standard, Foil","Uncommon","OGN-056","Unit","","Calm","Mech","portrait","4","3"
"1","Eclipse Herald","059","Standard","","Origins - Main Set","Riftbound: League of Legends TCG","Near Mint","en","0.16","Standard, Foil","Uncommon","OGN-059","Unit","","Calm","Bird","portrait","7","7"
"1","Lee Sin - Blind Monk","257","Foil","","Origins - Main Set","Riftbound: League of Legends TCG","Near Mint","en","0.21","Foil","Rare","OGN-257","Legend","Champion","Body, Calm","Lee Sin","portrait","",""
"1","Overt Operation","153","Foil","","Origins - Main Set","Riftbound: League of Legends TCG","Near Mint","en","0.22","Foil","Rare","OGN-153","Spell","","Body","","portrait","5",""
"1","Seal of Unity","245","Foil","","Origins - Main Set","Riftbound: League of Legends TCG","Near Mint","en","18.04","Foil","Epic","OGN-245","Gear","","Order","","portrait","",""
"1","Sett - The Boss","269","Foil","","Origins - Main Set","Riftbound: League of Legends TCG","Near Mint","en","0.33","Foil","Rare","OGN-269","Legend","Champion","Body, Order","Sett","portrait","",""
"1","Stand United","053","Standard","","Origins - Main Set","Riftbound: League of Legends TCG","Near Mint","en","0.08","Standard, Foil","Common","OGN-053","Spell","","Calm","","portrait","3",""
"8","Pouty Poro","013","Standard","","Origins - Main Set","Riftbound: League of Legends TCG","Near Mint","en","0.15","Standard, Foil","Common","OGN-013","Unit","","Fury","Poro","portrait","2","2"
"2","Falling Comet","085","Standard","","Origins - Main Set","Riftbound: League of Legends TCG","Near Mint","en","0.13","Standard, Foil","Common","OGN-085","Spell","","Mind","","portrait","5",""
"2","Mystic Poro","171","Standard","","Origins - Main Set","Riftbound: League of Legends TCG","Near Mint","en","0.14","Standard, Foil","Common","OGN-171","Unit","","Chaos","Poro","portrait","2","2"
"1","Crackshot Corsair","130","Standard","","Origins - Main Set","Riftbound: League of Legends TCG","Near Mint","en","0.06","Standard, Foil","Common","OGN-130","Unit","","Body","Pirate","portrait","3","3"
"6","Fight or Flight","168","Standard","","Origins - Main Set","Riftbound: League of Legends TCG","Near Mint","en","0.21","Standard, Foil","Common","OGN-168","Spell","","Chaos","","portrait","2",""
"1","Vanguard Helm","228","Standard","","Origins - Main Set","Riftbound: League of Legends TCG","Near Mint","en","0.14","Standard, Foil","Uncommon","OGN-228","Gear","","Order","","portrait","2",""
"1","Wallop","146","Standard","","Origins - Main Set","Riftbound: League of Legends TCG","Near Mint","en","0.20","Standard, Foil","Uncommon","OGN-146","Spell","","Body","","portrait","2",""
"1","Fortified Position","279","Standard","","Origins - Main Set","Riftbound: League of Legends TCG","Near Mint","en","0.17","Standard, Foil","Uncommon","OGN-279","Battlefield","","Neutral","","landscape","",""
"1","Kinkou Monk","141","Foil","","Origins - Main Set","Riftbound: League of Legends TCG","Near Mint","en","0.69","Standard, Foil","Uncommon","OGN-141","Unit","","Body","","portrait","4","4"
"1","Ekko - Recurrent","110","Foil","","Origins - Main Set","Riftbound: League of Legends TCG","Near Mint","en","0.96","Foil","Rare","OGN-110","Unit","Champion","Mind","Ekko","portrait","5","5"
"1","Grand Strategem","233","Foil","","Origins - Main Set","Riftbound: League of Legends TCG","Near Mint","en","0.56","Foil","Rare","OGN-233","Spell","","Order","","portrait","6",""
"2","Buff","XXX","Standard","","Origins - Main Set","Riftbound: League of Legends TCG","Near Mint","en","0.21","Standard, Foil","Common","OGN-XXX","Card","Token","Neutral","","portrait","",""
"1","En Garde","046","Standard","","Origins - Main Set","Riftbound: League of Legends TCG","Near Mint","en","0.20","Standard, Foil","Common","OGN-046","Spell","","Calm","","portrait","1",""
"1","Rebuke","172","Standard","","Origins - Main Set","Riftbound: League of Legends TCG","Near Mint","en","0.38","Standard, Foil","Common","OGN-172","Spell","","Chaos","","portrait","2",""
"6","Dune Drake","131","Standard","","Origins - Main Set","Riftbound: League of Legends TCG","Near Mint","en","0.12","Standard, Foil","Common","OGN-131","Unit","","Body","Dragon","portrait","5","5"
"1","Noxus Saboteur","018","Standard","","Origins - Main Set","Riftbound: League of Legends TCG","Near Mint","en","0.14","Foil, Standard","Uncommon","OGN-018","Unit","","Fury","Trifarian","portrait","3","3"
"8","Scrapheap","182","Standard","","Origins - Main Set","Riftbound: League of Legends TCG","Near Mint","en","0.19","Standard, Foil","Uncommon","OGN-182","Gear","","Chaos","","portrait","2",""
"1","Obelisk of Power","284","Standard","","Origins - Main Set","Riftbound: League of Legends TCG","Near Mint","en","0.31","Standard, Foil","Uncommon","OGN-284","Battlefield","","Neutral","","landscape","",""
"1","Cannon Barrage","127","Foil","","Origins - Main Set","Riftbound: League of Legends TCG","Near Mint","en","0.37","Standard, Foil","Common","OGN-127","Spell","","Body","","portrait","2",""
"1","Yasuo - Unforgiven","259","Foil","","Origins - Main Set","Riftbound: League of Legends TCG","Near Mint","en","0.24","Foil","Rare","OGN-259","Legend","Champion","Calm, Chaos","Yasuo","portrait","",""
"1","Primal Strength","154","Foil","","Origins - Main Set","Riftbound: League of Legends TCG","Near Mint","en","0.39","Foil","Rare","OGN-154","Spell","","Body","","portrait","4",""
"1","Recruit (NX)","272","Standard","","Origins - Main Set","Riftbound: League of Legends TCG","Near Mint","en","0.10","Standard, Foil","Common","OGN-272","Unit","Token","Neutral","Recruit","portrait","","1"
"6","Hextech Ray","009","Standard","","Origins - Main Set","Riftbound: League of Legends TCG","Near Mint","en","0.15","Standard, Foil","Common","OGN-009","Spell","","Fury","","portrait","1",""
"2","Trifarian Gloryseeker","217","Standard","","Origins - Main Set","Riftbound: League of Legends TCG","Near Mint","en","0.12","Standard, Foil","Common","OGN-217","Unit","","Order","Trifarian","portrait","2","2"
"1","Defy","045","Standard","","Origins - Main Set","Riftbound: League of Legends TCG","Near Mint","en","2.82","Standard, Foil","Common","OGN-045","Spell","","Calm","","portrait","1",""
"1","Jeweled Colossus","086","Standard","","Origins - Main Set","Riftbound: League of Legends TCG","Near Mint","en","0.06","Standard, Foil","Common","OGN-086","Unit","","Mind","","portrait","5","5"
"1","Cleave","004","Foil","","Origins - Main Set","Riftbound: League of Legends TCG","Near Mint","en","0.33","Foil, Standard","Common","OGN-004","Spell","","Fury","","portrait","1",""
"1","Twisted Fate - Gambler","200","Foil","","Origins - Main Set","Riftbound: League of Legends TCG","Near Mint","en","0.29","Foil","Rare","OGN-200","Unit","Champion","Chaos","Twisted Fate","portrait","4","4"
"2","Sai Scout","174","Standard","","Origins - Main Set","Riftbound: League of Legends TCG","Near Mint","en","0.06","Standard, Foil","Common","OGN-174","Unit","","Chaos","","portrait","6","5"
"1","Windswept Hillock","297","Standard","","Origins - Main Set","Riftbound: League of Legends TCG","Near Mint","en","0.26","Foil, Standard","Uncommon","OGN-297","Battlefield","","Neutral","","landscape","",""
"1","Fading Memories","180","Standard","","Origins - Main Set","Riftbound: League of Legends TCG","Near Mint","en","0.17","Standard, Foil","Uncommon","OGN-180","Spell","","Chaos","","portrait","4",""
"1","Imperial Decree","221","Standard","","Origins - Main Set","Riftbound: League of Legends TCG","Near Mint","en","0.71","Standard, Foil","Uncommon","OGN-221","Spell","","Order","","portrait","5",""
"1","Zhonya's Hourglass","077","Foil","","Origins - Main Set","Riftbound: League of Legends TCG","Near Mint","en","7.70","Foil","Rare","OGN-077","Gear","","Calm","","portrait","2",""
"1","Bilgewater Bully","125","Standard","","Origins - Main Set","Riftbound: League of Legends TCG","Near Mint","en","0.08","Foil, Standard","Common","OGN-125","Unit","","Body","","portrait","6","6"
"1","Shipyard Skulker","175","Standard","","Origins - Main Set","Riftbound: League of Legends TCG","Near Mint","en","0.07","Standard, Foil","Common","OGN-175","Unit","","Chaos","Pirate","portrait","3","3"
"3","Zaun Warrens","298","Standard","","Origins - Main Set","Riftbound: League of Legends TCG","Near Mint","en","0.22","Standard, Foil","Uncommon","OGN-298","Battlefield","","Neutral","","landscape","",""
"1","Dangerous Duo","016","Standard","","Origins - Main Set","Riftbound: League of Legends TCG","Near Mint","en","0.10","Standard, Foil","Uncommon","OGN-016","Unit","","Fury","Mech","portrait","3","3"
"1","Energy Conduit","098","Standard","","Origins - Main Set","Riftbound: League of Legends TCG","Near Mint","en","0.23","Standard, Foil","Uncommon","OGN-098","Gear","","Mind","","portrait","3",""
"1","Kai'Sa - Evolutionary","112","Foil","","Origins - Main Set","Riftbound: League of Legends TCG","Near Mint","en","0.47","Foil","Rare","OGN-112","Unit","Champion","Mind","Kai'Sa","portrait","6","6"
"1","Karma - Channeler","235","Foil","","Origins - Main Set","Riftbound: League of Legends TCG","Near Mint","en","0.30","Foil","Rare","OGN-235","Unit","Champion","Order","Karma","portrait","6","6"
"1","Sprite Call","094","Standard","","Origins - Main Set","Riftbound: League of Legends TCG","Near Mint","en","0.13","Standard, Foil","Common","OGN-094","Spell","","Mind","","portrait","3",""
"1","Find Your Center","047","Standard","","Origins - Main Set","Riftbound: League of Legends TCG","Near Mint","en","0.19","Standard, Foil","Common","OGN-047","Spell","","Calm","","portrait","3",""
"4","Blazing Scorcher","001","Standard","","Origins - Main Set","Riftbound: League of Legends TCG","Near Mint","en","0.11","Standard, Foil","Common","OGN-001","Unit","","Fury","Dragon","portrait","5","5"
"1","Pit Crew","091","Standard","","Origins - Main Set","Riftbound: League of Legends TCG","Near Mint","en","0.11","Standard, Foil","Common","OGN-091","Unit","","Mind","","portrait","3","3"
"1","Pit Rookie","136","Standard","","Origins - Main Set","Riftbound: League of Legends TCG","Near Mint","en","0.12","Standard, Foil","Common","OGN-136","Unit","","Body","","portrait","2","2"
"4","Gust","169","Standard","","Origins - Main Set","Riftbound: League of Legends TCG","Near Mint","en","0.23","Standard, Foil","Common","OGN-169","Spell","","Chaos","","portrait","1",""
"1","Vanguard Captain","218","Standard","","Origins - Main Set","Riftbound: League of Legends TCG","Near Mint","en","0.14","Standard, Foil","Common","OGN-218","Unit","","Order","Elite","portrait","3","3"
"2","Void Gate","296","Standard","","Origins - Main Set","Riftbound: League of Legends TCG","Near Mint","en","0.22","Standard, Foil","Uncommon","OGN-296","Battlefield","","Neutral","","landscape","",""
"2","Blastcone Fae","097","Standard","","Origins - Main Set","Riftbound: League of Legends TCG","Near Mint","en","0.23","Standard, Foil","Uncommon","OGN-097","Unit","","Mind","Fae","portrait","2","2"
"2","Acceptable Losses","179","Standard","","Origins - Main Set","Riftbound: League of Legends TCG","Near Mint","en","0.34","Standard, Foil","Uncommon","OGN-179","Spell","","Chaos","","portrait","1",""
"1","Stupefy","095","Foil","","Origins - Main Set","Riftbound: League of Legends TCG","Near Mint","en","1.05","Standard, Foil","Common","OGN-095","Spell","","Mind","","portrait","1",""
"4","Vi - Destructive","036","Foil","","Origins - Main Set","Riftbound: League of Legends TCG","Near Mint","en","0.48","Foil","Rare","OGN-036","Unit","Champion","Fury","Vi","portrait","2","3"
"3","Mountain Drake","142","Standard","","Origins - Main Set","Riftbound: League of Legends TCG","Near Mint","en","0.14","Standard, Foil","Uncommon","OGN-142","Unit","","Body","Dragon","portrait","9","10"
"3","Carnivorous Snapvine","149","Foil","","Origins - Main Set","Riftbound: League of Legends TCG","Near Mint","en","0.51","Foil","Rare","OGN-149","Unit","","Body","","portrait","5","6"
"3","Kadregrin the Infernal","038","Foil","","Origins - Main Set","Riftbound: League of Legends TCG","Near Mint","en","12.99","Foil","Epic","OGN-038","Unit","","Fury","Dragon","portrait","9","9"
"3","Herald of Scales","140","Standard","","Origins - Main Set","Riftbound: League of Legends TCG","Near Mint","en","0.23","Standard, Foil","Uncommon","OGN-140","Unit","","Body","","portrait","4","3"
"6","Traveling Merchant","185","Standard","","Origins - Main Set","Riftbound: League of Legends TCG","Near Mint","en","0.16","Standard, Foil","Uncommon","OGN-185","Unit","","Chaos","","portrait","2","2"
"3","Noxus Hopeful","012","Standard","","Origins - Main Set","Riftbound: League of Legends TCG","Near Mint","en","0.31","Standard, Foil","Common","OGN-012","Unit","","Fury","Trifarian","portrait","4","4"
"1","The Arena's Greatest","290","Standard","","Origins - Main Set","Riftbound: League of Legends TCG","Near Mint","en","0.33","Standard, Foil","Uncommon","OGN-290","Battlefield","","Neutral","","landscape","",""
"3","Catalyst of Aeons","138","Standard","","Origins - Main Set","Riftbound: League of Legends TCG","Near Mint","en","0.58","Standard, Foil","Uncommon","OGN-138","Spell","","Body","","portrait","4",""
"3","Void Seeker","024","Standard","","Origins - Main Set","Riftbound: League of Legends TCG","Near Mint","en","0.23","Standard, Foil","Uncommon","OGN-024","Spell","","Fury","","portrait","3",""
"1","Volibear - Relentless Storm","249","Foil","","Origins - Main Set","Riftbound: League of Legends TCG","Near Mint","en","0.26","Foil","Rare","OGN-249","Legend","Champion","Body, Fury","Volibear","portrait","",""
"3","Nocturne - Horrifying","194","Foil","","Origins - Main Set","Riftbound: League of Legends TCG","Near Mint","en","1.49","Foil","Rare","OGN-194","Unit","Champion","Chaos","Nocturne","portrait","4","4"
"1","Volibear - Furious","041","Foil","","Origins - Main Set","Riftbound: League of Legends TCG","Near Mint","en","1.24","Foil","Epic","OGN-041","Unit","Champion","Fury","Volibear","portrait","10","9"
"1","Stormbringer","250","Foil","","Origins - Main Set","Riftbound: League of Legends TCG","Near Mint","en","5.48","Foil","Epic","OGN-250","Spell","Signature","Body, Fury","Volibear","portrait","6",""
"5","Stacked Deck","183","Standard","","Origins - Main Set","Riftbound: League of Legends TCG","Near Mint","en","7.74","Standard, Foil","Uncommon","OGN-183","Spell","","Chaos","","portrait","1",""
"4","Rhasa the Sunderer","195","Foil","","Origins - Main Set","Riftbound: League of Legends TCG","Near Mint","en","0.70","Foil","Rare","OGN-195","Unit","","Chaos","Spirit","portrait","10","6"
"16","Body Rune","126","Standard","","Origins - Main Set","Riftbound: League of Legends TCG","Near Mint","en","0.10","Standard","Common","OGN-126","Rune","Basic","Body","","portrait","",""
"27","Fury Rune","007","Standard","","Origins - Main Set","Riftbound: League of Legends TCG","Near Mint","en","0.11","Standard","Common","OGN-007","Rune","Basic","Fury","","portrait","",""
"18","Chaos Rune","166","Standard","","Origins - Main Set","Riftbound: League of Legends TCG","Near Mint","en","0.09","Standard","Common","OGN-166","Rune","Basic","Chaos","","portrait","",""
"3","Mobilize","134","Standard","","Origins - Main Set","Riftbound: League of Legends TCG","Near Mint","en","0.17","Standard, Foil","Common","OGN-134","Spell","","Body","","portrait","2",""
"2","Cleave","004","Standard","","Origins - Main Set","Riftbound: League of Legends TCG","Near Mint","en","0.15","Foil, Standard","Common","OGN-004","Spell","","Fury","","portrait","1",""
"3","Flame Chompers","006","Standard","","Origins - Main Set","Riftbound: League of Legends TCG","Near Mint","en","0.07","Standard, Foil","Common","OGN-006","Unit","","Fury","","portrait","3","3"
"1","Jinx - Demolitionist","030","Foil","","Origins - Main Set","Riftbound: League of Legends TCG","Near Mint","en","0.26","Foil","Rare","OGN-030","Unit","Champion","Fury","Jinx","portrait","3","4"
"2","Get Excited!","008","Standard","","Origins - Main Set","Riftbound: League of Legends TCG","Near Mint","en","0.08","Foil, Standard","Common","OGN-008","Spell","","Fury","","portrait","2",""
"2","Sky Splitter","014","Standard","","Origins - Main Set","Riftbound: League of Legends TCG","Near Mint","en","0.12","Standard, Foil","Common","OGN-014","Spell","","Fury","","portrait","8",""
"1","Sigil of the Storm","287","Standard","","Origins - Main Set","Riftbound: League of Legends TCG","Near Mint","en","0.18","Standard, Foil","Uncommon","OGN-287","Battlefield","","Neutral","","landscape","",""
"1","Aspirant's Climb","276","Standard","","Origins - Main Set","Riftbound: League of Legends TCG","Near Mint","en","0.24","Standard, Foil","Uncommon","OGN-276","Battlefield","","Neutral","","landscape","",""
"3","Chemtech Enforcer","003","Standard","","Origins - Main Set","Riftbound: League of Legends TCG","Near Mint","en","0.03","Standard, Foil","Common","OGN-003","Unit","","Fury","","portrait","2","2"
"1","Against the Odds","001","Standard","","Spiritforged","Riftbound: League of Legends TCG","Near Mint","en","0.07","Foil, Standard","Common","SFD-001","Spell","","Fury","","portrait","2",""
"1","Ribbon Dancer","038","Standard","","Spiritforged","Riftbound: League of Legends TCG","Near Mint","en","0.06","Foil, Standard","Common","SFD-038","Unit","","Calm","Ionia","portrait","3","3"
"1","Frostcoat Cub","067","Standard","","Spiritforged","Riftbound: League of Legends TCG","Near Mint","en","0.03","Foil, Standard","Common","SFD-067","Unit","","Mind","Dog, Freljord","portrait","3","3"
"1","Bushwhack","004","Standard","","Spiritforged","Riftbound: League of Legends TCG","Near Mint","en","0.09","Foil, Standard","Common","SFD-004","Spell","","Fury","","portrait","2",""
"2","Sea Monkey","098","Standard","","Spiritforged","Riftbound: League of Legends TCG","Near Mint","en","0.07","Foil, Standard","Common","SFD-098","Unit","","Body","Bilgewater, Pirate","portrait","2","2"
"1","Treasure Hunter","130","Standard","","Spiritforged","Riftbound: League of Legends TCG","Near Mint","en","0.08","Foil, Standard","Common","SFD-130","Unit","","Chaos","Shurima","portrait","2","1"
"2","Laurent Duelist","156","Standard","","Spiritforged","Riftbound: League of Legends TCG","Near Mint","en","0.03","Foil, Standard","Common","SFD-156","Unit","","Order","Demacia","portrait","4","3"
"1","Angle Shot","011","Standard","","Spiritforged","Riftbound: League of Legends TCG","Near Mint","en","0.14","Foil, Standard","Uncommon","SFD-011","Spell","","Fury","","portrait","3",""
"1","Strike Down","107","Standard","","Spiritforged","Riftbound: League of Legends TCG","Near Mint","en","0.08","Foil, Standard","Uncommon","SFD-107","Spell","","Body","","portrait","3",""
"1","Perched Grimwyrm","015","Standard","","Spiritforged","Riftbound: League of Legends TCG","Near Mint","en","0.07","Foil, Standard","Uncommon","SFD-015","Unit","","Fury","Dragon, Shadow Isles","portrait","4","5"
"1","Renata Glasc - Chem-Baroness","201","Foil","","Spiritforged","Riftbound: League of Legends TCG","Near Mint","en","0.25","Foil","Rare","SFD-201","Legend","","Mind, Order","Renata Glasc","portrait","",""
"1","Fizz - Trickster","140","Foil","","Spiritforged","Riftbound: League of Legends TCG","Near Mint","en","3.83","Foil","Rare","SFD-140","Unit","Champion","Chaos","Bilgewater, Fizz, Yordle","portrait","3","3"
"1","Ezreal - Dashing (Alternate Art)","082a","Foil","","Spiritforged","Riftbound: League of Legends TCG","Near Mint","en","1.13","Foil","Showcase","SFD-082a","Unit","Champion","Mind","Ezreal, Piltover","portrait","4","3"
"2","Wages of Pain","070","Standard","","Spiritforged","Riftbound: League of Legends TCG","Near Mint","en","0.11","Foil, Standard","Common","SFD-070","Spell","","Mind","","portrait","3",""
"1","Void Drone","010","Standard","","Spiritforged","Riftbound: League of Legends TCG","Near Mint","en","0.05","Foil, Standard","Common","SFD-010","Unit","","Fury","The Void","portrait","3","3"
"1","Doran's Shield","033","Standard","","Spiritforged","Riftbound: League of Legends TCG","Near Mint","en","0.08","Foil, Standard","Common","SFD-033","Gear","","Calm","Equipment","portrait","1",""
"1","Honest Broker","155","Standard","","Spiritforged","Riftbound: League of Legends TCG","Near Mint","en","0.12","Foil, Standard","Common","SFD-155","Unit","","Order","Ionia","portrait","2","2"
"1","Combat Chef","092","Standard","","Spiritforged","Riftbound: League of Legends TCG","Near Mint","en","0.04","Foil, Standard","Common","SFD-092","Unit","","Body","Demacia","portrait","5","5"
"2","Doran's Ring","124","Standard","","Spiritforged","Riftbound: League of Legends TCG","Near Mint","en","0.10","Foil, Standard","Common","SFD-124","Gear","","Chaos","Equipment","portrait","1",""
"1","Guards!","154","Standard","","Spiritforged","Riftbound: League of Legends TCG","Near Mint","en","0.06","Foil, Standard","Common","SFD-154","Spell","","Order","","portrait","3",""
"1","Brutalizer","042","Standard","","Spiritforged","Riftbound: League of Legends TCG","Near Mint","en","0.29","Foil, Standard","Uncommon","SFD-042","Gear","","Calm","Equipment","portrait","2",""
"1","Beast Below","132","Standard","","Spiritforged","Riftbound: League of Legends TCG","Near Mint","en","0.08","Foil, Standard","Uncommon","SFD-132","Unit","","Chaos","Bilgewater","portrait","7","8"
"1","Rockfall Path","216","Standard","","Spiritforged","Riftbound: League of Legends TCG","Near Mint","en","0.09","Foil, Standard","Uncommon","SFD-216","Battlefield","","Neutral","","landscape","",""
"1","Forge of the Fluft","208","Foil","","Spiritforged","Riftbound: League of Legends TCG","Near Mint","en","0.33","Foil, Standard","Uncommon","SFD-208","Battlefield","","Neutral","","landscape","",""
"1","Marching Orders","114","Foil","","Spiritforged","Riftbound: League of Legends TCG","Near Mint","en","0.12","Foil","Rare","SFD-114","Spell","","Body","","portrait","3",""
"1","Dunebreaker","027","Foil","","Spiritforged","Riftbound: League of Legends TCG","Near Mint","en","1.36","Foil","Epic","SFD-027","Unit","","Fury","The Void","portrait","7","7"
"2","Serrated Dirk","009","Standard","","Spiritforged","Riftbound: League of Legends TCG","Near Mint","en","0.06","Foil, Standard","Common","SFD-009","Gear","","Fury","Equipment","portrait","1",""
"1","Royal Entourage","039","Standard","","Spiritforged","Riftbound: League of Legends TCG","Near Mint","en","0.02","Foil, Standard","Common","SFD-039","Unit","","Calm","Shurima","portrait","3","4"
"1","Gearhead","068","Standard","","Spiritforged","Riftbound: League of Legends TCG","Near Mint","en","0.03","Foil, Standard","Common","SFD-068","Unit","","Mind","Zaun","portrait","5","3"
"1","Yordle Explorer","100","Standard","","Spiritforged","Riftbound: League of Legends TCG","Near Mint","en","0.05","Foil, Standard","Common","SFD-100","Unit","","Body","Bandle City, Yordle","portrait","4","4"
"2","Corrupt Enforcer","123","Standard","","Spiritforged","Riftbound: League of Legends TCG","Near Mint","en","0.04","Foil, Standard","Common","SFD-123","Unit","","Chaos","Piltover","portrait","3","4"
"2","Sandshifter","158","Standard","","Spiritforged","Riftbound: League of Legends TCG","Near Mint","en","0.06","Foil, Standard","Common","SFD-158","Unit","","Order","Shurima","portrait","5","6"
"2","Laurent Bladekeeper","096","Standard","","Spiritforged","Riftbound: League of Legends TCG","Near Mint","en","0.04","Foil, Standard","Common","SFD-096","Unit","","Body","Demacia","portrait","3","3"
"1","Legion Quartermaster","044","Standard","","Spiritforged","Riftbound: League of Legends TCG","Near Mint","en","0.05","Foil, Standard","Uncommon","SFD-044","Unit","","Calm","Noxus, Trifarian","portrait","3","4"
"1","Ravenbloom Conservatory","215","Standard","","Spiritforged","Riftbound: League of Legends TCG","Near Mint","en","0.11","Foil, Standard","Uncommon","SFD-215","Battlefield","","Neutral","","landscape","",""
"2","Prize of Progress","075","Standard","","Spiritforged","Riftbound: League of Legends TCG","Near Mint","en","0.05","Foil, Standard","Uncommon","SFD-075","Unit","","Mind","Mech, Piltover","portrait","4","3"
"1","Cull","134","Foil","","Spiritforged","Riftbound: League of Legends TCG","Near Mint","en","0.28","Foil, Standard","Uncommon","SFD-134","Gear","","Chaos","Equipment","portrait","1",""
"1","Azir - Emperor of the Sands","197","Foil","","Spiritforged","Riftbound: League of Legends TCG","Near Mint","en","0.20","Foil","Rare","SFD-197","Legend","","Calm, Order","Azir","portrait","",""
"2","Spirit Wheel","144","Foil","","Spiritforged","Riftbound: League of Legends TCG","Near Mint","en","0.19","Foil","Rare","SFD-144","Gear","","Chaos","","portrait","2",""
"13","Calm Rune","042","Standard","","Origins - Main Set","Riftbound: League of Legends TCG","Near Mint","en","0.14","Standard, Foil","Common","OGN-042","Rune","Basic","Calm","","portrait","",""
"2","Blood Rush","003","Standard","","Spiritforged","Riftbound: League of Legends TCG","Near Mint","en","0.11","Foil, Standard","Common","SFD-003","Spell","","Fury","","portrait","1",""
"2","Navori Scout","037","Standard","","Spiritforged","Riftbound: League of Legends TCG","Near Mint","en","0.04","Foil, Standard","Common","SFD-037","Unit","","Calm","Ionia, Yordle","portrait","4","4"
"2","Aspiring Engineer","061","Standard","","Spiritforged","Riftbound: League of Legends TCG","Near Mint","en","0.05","Foil, Standard","Common","SFD-061","Unit","","Mind","Piltover","portrait","3","3"
"2","Detonate","005","Standard","","Spiritforged","Riftbound: League of Legends TCG","Near Mint","en","0.08","Foil, Standard","Common","SFD-005","Spell","","Fury","","portrait","1",""
"2","Master Bingwen","127","Standard","","Spiritforged","Riftbound: League of Legends TCG","Near Mint","en","0.04","Foil, Standard","Common","SFD-127","Unit","","Chaos","Ionia","portrait","6","6"
"2","Eye of the Herald","153","Standard","","Spiritforged","Riftbound: League of Legends TCG","Near Mint","en","0.09","Foil, Standard","Common","SFD-153","Gear","","Order","Equipment","portrait","1",""
"2","Buhru Captain","091","Standard","","Spiritforged","Riftbound: League of Legends TCG","Near Mint","en","0.07","Foil, Standard","Common","SFD-091","Unit","","Body","Bilgewater","portrait","3","3"
"1","Glasc Mixologist","165","Standard","","Spiritforged","Riftbound: League of Legends TCG","Near Mint","en","0.24","Foil, Standard","Uncommon","SFD-165","Unit","","Order","Zaun","portrait","5","5"
"1","Factory Recall","135","Standard","","Spiritforged","Riftbound: League of Legends TCG","Near Mint","en","0.14","Foil, Standard","Uncommon","SFD-135","Spell","","Chaos","","portrait","1",""
"2","Power Nexus","214","Standard","","Spiritforged","Riftbound: League of Legends TCG","Near Mint","en","0.11","Foil, Standard","Uncommon","SFD-214","Battlefield","","Neutral","","landscape","",""
"1","Honest Broker","155","Foil","","Spiritforged","Riftbound: League of Legends TCG","Near Mint","en","0.35","Foil, Standard","Common","SFD-155","Unit","","Order","Ionia","portrait","2","2"
"1","Ornn - Forge God","085","Foil","","Spiritforged","Riftbound: League of Legends TCG","Near Mint","en","0.23","Foil","Rare","SFD-085","Unit","Champion","Mind","Freljord, Ornn","portrait","6","4"
"1","Soraka - Wanderer","173","Foil","","Spiritforged","Riftbound: League of Legends TCG","Near Mint","en","0.27","Foil","Rare","SFD-173","Unit","Champion","Order","Mount Targon, Soraka","portrait","4","4"
"1","Gold","T03","Standard","","Spiritforged","Riftbound: League of Legends TCG","Near Mint","en","0.12","Standard","Common","SFD-T03","Gear","Token","Neutral","","portrait","",""
"1","Jinx - Loose Cannon","251","Foil","","Origins - Main Set","Riftbound: League of Legends TCG","Near Mint","en","0.28","Foil","Rare","OGN-251","Legend","Champion","Chaos, Fury","Jinx","portrait","",""
"1","Teemo - Scout","197","Foil","","Origins - Main Set","Riftbound: League of Legends TCG","Near Mint","en","1.47","Foil","Rare","OGN-197","Unit","Champion","Chaos","Teemo, Yordle","portrait","2","1"
"1","Teemo - Swift Scout","263","Foil","","Origins - Main Set","Riftbound: League of Legends TCG","Near Mint","en","0.39","Foil","Rare","OGN-263","Legend","Champion","Chaos, Mind","Teemo","portrait","",""
"1","The Dreaming Tree","292","Standard","","Origins - Main Set","Riftbound: League of Legends TCG","Near Mint","en","0.32","Standard, Foil","Uncommon","OGN-292","Battlefield","","Neutral","","landscape","",""
"1","Bandle Tree","278","Standard","","Origins - Main Set","Riftbound: League of Legends TCG","Near Mint","en","0.20","Standard, Foil","Uncommon","OGN-278","Battlefield","","Neutral","","landscape","",""
"1","Laurent Bladekeeper","096","Foil","","Spiritforged","Riftbound: League of Legends TCG","Near Mint","en","0.14","Foil, Standard","Common","SFD-096","Unit","","Body","Demacia","portrait","3","3"
"1","Blood Money","162","Standard","","Spiritforged","Riftbound: League of Legends TCG","Near Mint","en","0.21","Foil, Standard","Uncommon","SFD-162","Spell","","Order","","portrait","2",""
"1","Hall of Legends","210","Standard","","Spiritforged","Riftbound: League of Legends TCG","Near Mint","en","0.09","Foil, Standard","Uncommon","SFD-210","Battlefield","","Neutral","","landscape","",""
"1","Guardian of the Passage","035","Standard","","Spiritforged","Riftbound: League of Legends TCG","Near Mint","en","0.09","Foil, Standard","Common","SFD-035","Unit","","Calm","Shadow Isles, Spirit","portrait","6","6"
"1","Gem Jammer","007","Standard","","Spiritforged","Riftbound: League of Legends TCG","Near Mint","en","0.09","Foil, Standard","Common","SFD-007","Unit","","Fury","Bandle City, Mech","portrait","2","2"
"1","Cloth Armor","064","Standard","","Spiritforged","Riftbound: League of Legends TCG","Near Mint","en","0.06","Foil, Standard","Common","SFD-064","Gear","","Mind","Equipment","portrait","1",""
"1","Lonely Poro","036","Standard","","Spiritforged","Riftbound: League of Legends TCG","Near Mint","en","0.11","Foil, Standard","Common","SFD-036","Unit","","Calm","Freljord, Poro","portrait","2","2"
"1","Rumble - Mechanized Menace","181","Foil","","Spiritforged","Riftbound: League of Legends TCG","Near Mint","en","0.13","Foil","Rare","SFD-181","Legend","","Fury, Mind","Rumble","portrait","",""
"1","Rumble - Hotheaded (Alternate Art)","026a","Foil","","Spiritforged","Riftbound: League of Legends TCG","Near Mint","en","1.42","Foil","Showcase","SFD-026a","Unit","Champion","Fury","Bandle City, Mech, Rumble, Yordle","portrait","4","4"
"2","Bubble Bot","062","Standard","","Spiritforged","Riftbound: League of Legends TCG","Near Mint","en","0.06","Foil, Standard","Common","SFD-062","Unit","","Mind","Bandle City, Mech, Yordle","portrait","3","3"
"1","Sentinel Adept","008","Standard","","Spiritforged","Riftbound: League of Legends TCG","Near Mint","en","0.06","Foil, Standard","Common","SFD-008","Unit","","Fury","Sentinel, Shadow Isles","portrait","3","3"
"1","Desert's Call","031","Standard","","Spiritforged","Riftbound: League of Legends TCG","Near Mint","en","0.08","Foil, Standard","Common","SFD-031","Spell","","Calm","","portrait","2",""
"1","Overzealous Fan","128","Standard","","Spiritforged","Riftbound: League of Legends TCG","Near Mint","en","0.09","Foil, Standard","Common","SFD-128","Unit","","Chaos","Noxus","portrait","2","2"
"1","Ruin Runner","105","Standard","","Spiritforged","Riftbound: League of Legends TCG","Near Mint","en","0.25","Foil, Standard","Uncommon","SFD-105","Unit","","Body","Shurima","portrait","6","5"
"1","Fae Dragon","101","Standard","","Spiritforged","Riftbound: League of Legends TCG","Near Mint","en","0.13","Foil, Standard","Uncommon","SFD-101","Unit","","Body","Bandle City, Dragon, Fae","portrait","7","7"
"1","Forgotten Monument","209","Standard","","Spiritforged","Riftbound: League of Legends TCG","Near Mint","en","0.09","Foil, Standard","Uncommon","SFD-209","Battlefield","","Neutral","","landscape","",""
"1","Simian Ancestor","047","Foil","","Spiritforged","Riftbound: League of Legends TCG","Near Mint","en","0.20","Foil, Standard","Uncommon","SFD-047","Unit","","Calm","Ionia","portrait","5","5"
"1","Assembly Rig","019","Foil","","Spiritforged","Riftbound: League of Legends TCG","Near Mint","en","0.12","Foil","Rare","SFD-019","Gear","","Fury","","portrait","4",""
"1","Arcane Shift","200","Foil","","Spiritforged","Riftbound: League of Legends TCG","Near Mint","en","2.43","Foil","Epic","SFD-200","Spell","Signature","Chaos, Mind","Ezreal","portrait","3",""
"13","Order Rune","214","Standard","","Origins - Main Set","Riftbound: League of Legends TCG","Near Mint","en","0.13","Standard","Common","OGN-214","Rune","Basic","Order","","portrait","",""
"1","Thwonk!","040","Standard","","Spiritforged","Riftbound: League of Legends TCG","Near Mint","en","0.12","Foil, Standard","Common","SFD-040","Spell","","Calm","","portrait","2",""
"1","Direwing","094","Standard","","Spiritforged","Riftbound: League of Legends TCG","Near Mint","en","0.08","Foil, Standard","Common","SFD-094","Unit","","Body","Demacia, Dragon","portrait","7","7"
"1","Minotaur Reckoner","014","Standard","","Spiritforged","Riftbound: League of Legends TCG","Near Mint","en","0.10","Foil, Standard","Uncommon","SFD-014","Unit","","Fury","Noxus","portrait","5","5"
"1","Jaull-Fish","103","Standard","","Spiritforged","Riftbound: League of Legends TCG","Near Mint","en","0.06","Foil, Standard","Uncommon","SFD-103","Unit","","Body","Bilgewater","portrait","7","6"
"1","Vanguard Armory","168","Standard","","Spiritforged","Riftbound: League of Legends TCG","Near Mint","en","0.20","Foil, Standard","Uncommon","SFD-168","Gear","","Order","","portrait","7",""
"1","Xin Zhao - Vigilant","176","Foil","","Spiritforged","Riftbound: League of Legends TCG","Near Mint","en","0.38","Foil","Rare","SFD-176","Unit","Champion","Order","Demacia, Xin Zhao","portrait","3","4"
"1","Ferrous Forerunner","021","Foil","","Spiritforged","Riftbound: League of Legends TCG","Near Mint","en","0.79","Foil","Rare","SFD-021","Unit","","Fury","Bandle City, Mech, Yordle","portrait","6","6"
"1","Fae Porter","125","Standard","","Spiritforged","Riftbound: League of Legends TCG","Near Mint","en","0.03","Foil, Standard","Common","SFD-125","Unit","","Chaos","Fae, Ionia","portrait","4","4"
"1","Zaun Punk","160","Standard","","Spiritforged","Riftbound: League of Legends TCG","Near Mint","en","0.06","Foil, Standard","Common","SFD-160","Unit","","Order","Zaun","portrait","3","3"
"1","B.F. Sword","161","Standard","","Spiritforged","Riftbound: League of Legends TCG","Near Mint","en","0.24","Foil, Standard","Uncommon","SFD-161","Gear","","Order","Equipment","portrait","4",""
"1","Sudden Storm","017","Standard","","Spiritforged","Riftbound: League of Legends TCG","Near Mint","en","0.11","Foil, Standard","Uncommon","SFD-017","Spell","","Fury","","portrait","3",""
"1","Prize of Progress","075","Foil","","Spiritforged","Riftbound: League of Legends TCG","Near Mint","en","0.22","Foil, Standard","Uncommon","SFD-075","Unit","","Mind","Mech, Piltover","portrait","4","3"
"1","Rengar - Pouncing","025","Foil","","Spiritforged","Riftbound: League of Legends TCG","Near Mint","en","0.52","Foil","Rare","SFD-025","Unit","Champion","Fury","Cat, Ixtal, Rengar","portrait","3","3"
"1","Edge of Night","139","Foil","","Spiritforged","Riftbound: League of Legends TCG","Near Mint","en","0.37","Foil","Rare","SFD-139","Gear","","Chaos","Equipment","portrait","3",""
"1","The Candlelit Sanctum","291","Standard","","Origins - Main Set","Riftbound: League of Legends TCG","Near Mint","en","0.26","Standard, Foil","Uncommon","OGN-291","Battlefield","","Neutral","","landscape","",""
"2","Sprite Mother","106","Standard","","Origins - Main Set","Riftbound: League of Legends TCG","Near Mint","en","0.38","Standard, Foil","Uncommon","OGN-106","Unit","","Mind","Fae","portrait","4","3"
"2","Convergent Mutation","108","Foil","","Origins - Main Set","Riftbound: League of Legends TCG","Near Mint","en","0.25","Foil","Rare","OGN-108","Spell","","Mind","","portrait","2",""
"3","Stupefy","095","Standard","","Origins - Main Set","Riftbound: League of Legends TCG","Near Mint","en","0.23","Standard, Foil","Common","OGN-095","Spell","","Mind","","portrait","1",""
"3","Consult the Past","083","Standard","","Origins - Main Set","Riftbound: League of Legends TCG","Near Mint","en","0.15","Standard, Foil","Common","OGN-083","Spell","","Mind","","portrait","4",""
"1","Stacked Deck","183","Foil","","Origins - Main Set","Riftbound: League of Legends TCG","Lightly Played","en","8.78","Standard, Foil","Uncommon","OGN-183","Spell","","Chaos","","portrait","1",""
"12","Mind Rune","089","Standard","","Origins - Main Set","Riftbound: League of Legends TCG","Near Mint","en","0.16","Standard","Common","OGN-089","Rune","Basic","Mind","","portrait","",""
"1","Kayn - Unleashed","189","Foil","","Origins - Main Set","Riftbound: League of Legends TCG","Near Mint","en","0.37","Foil","Rare","OGN-189","Unit","Champion","Chaos","Kayn","portrait","6","6"
"1","Ahri - Alluring","066","Foil","","Origins - Main Set","Riftbound: League of Legends TCG","Near Mint","en","1.50","Foil","Rare","OGN-066","Unit","Champion","Calm","Ahri","portrait","5","4"
"1","Darius - Executioner","243","Foil","","Origins - Main Set","Riftbound: League of Legends TCG","Near Mint","en","1.08","Foil","Epic","OGN-243","Unit","Champion","Order","Darius, Trifarian","portrait","6","6"
"1","Wielder of Water","055","Standard","","Origins - Main Set","Riftbound: League of Legends TCG","Near Mint","en","0.16","Foil, Standard","Common","OGN-055","Unit","","Calm","","portrait","3","2"
"1","Mega-Mech","088","Standard","","Origins - Main Set","Riftbound: League of Legends TCG","Near Mint","en","0.10","Standard, Foil","Common","OGN-088","Unit","","Mind","Mech","portrait","7","8"
"1","Recruit (ZN)","273","Standard","","Origins - Main Set","Riftbound: League of Legends TCG","Near Mint","en","0.17","Standard, Foil","Common","OGN-273","Unit","Token","Neutral","Recruit","portrait","","1"
"1","Harpoon Squad","137","Foil","","Spiritforged","Riftbound: League of Legends TCG","Near Mint","en","0.26","Foil, Standard","Uncommon","SFD-137","Unit","","Chaos","Bilgewater, Pirate","portrait","4","4"
"1","Eye of the Herald","153","Foil","","Spiritforged","Riftbound: League of Legends TCG","Near Mint","en","0.28","Foil, Standard","Common","SFD-153","Gear","","Order","Equipment","portrait","1",""
"1","Fury Rune","R01b","Foil","","Spiritforged - Promo Cards","Riftbound: League of Legends TCG","Near Mint","en","7.37","Foil","Showcase","SFD-R01b","Rune","","Fury","","portrait","",""
"4","Inferna","002","Standard","","Unleashed","Riftbound: League of Legends TCG","Near Mint","en","0.07","Standard, Foil","Common","UNL-002","Unit","","Fury","Bilgewater","portrait","2","1"
"5","Wuju Apprentice","040","Standard","","Unleashed","Riftbound: League of Legends TCG","Near Mint","en","0.05","Standard, Foil","Common","UNL-040","Unit","","Calm","Ionia","portrait","2","2"
"4","Sprite Burst","069","Standard","","Unleashed","Riftbound: League of Legends TCG","Near Mint","en","0.05","Standard, Foil","Common","UNL-069","Spell","","Mind","","portrait","5",""
"4","Arena Kingpin","001","Standard","","Unleashed","Riftbound: League of Legends TCG","Near Mint","en","0.05","Standard, Foil","Common","UNL-001","Unit","","Fury","Noxus, Yordle","portrait","5","3"
"4","Voracious Gromp","100","Standard","","Unleashed","Riftbound: League of Legends TCG","Near Mint","en","0.07","Standard, Foil","Common","UNL-100","Unit","","Body","Freljord","portrait","5","5"
"4","Evershade Stalker","123","Standard","","Unleashed","Riftbound: League of Legends TCG","Near Mint","en","0.11","Standard, Foil","Common","UNL-123","Unit","","Chaos","Shadow Isles","portrait","3","3"
"4","Shepherd's Heirloom","158","Standard","","Unleashed","Riftbound: League of Legends TCG","Near Mint","en","0.07","Standard, Foil","Common","UNL-158","Gear","","Order","Equipment","portrait","2","0"
"2","Yeti Brawler","018","Standard","","Unleashed","Riftbound: League of Legends TCG","Near Mint","en","0.07","Standard, Foil","Uncommon","UNL-018","Unit","","Fury","Noxus","portrait","6","6"
"2","The List","138","Standard","","Unleashed","Riftbound: League of Legends TCG","Near Mint","en","0.22","Standard, Foil","Uncommon","UNL-138","Gear","","Chaos","","portrait","1",""
"3","Trevor Snoozebottom","048","Standard","","Unleashed","Riftbound: League of Legends TCG","Near Mint","en","0.08","Standard, Foil","Uncommon","UNL-048","Unit","","Calm","Ionia, Yordle","portrait","3","3"
"1","Vaults of Helia","219","Foil","","Unleashed","Riftbound: League of Legends TCG","Near Mint","en","0.46","Standard, Foil","Uncommon","UNL-219","Battlefield","","","","landscape","",""
"3","Jhin - Virtuoso","181","Foil","","Unleashed","Riftbound: League of Legends TCG","Near Mint","en","0.09","Foil","Rare","UNL-181","Legend","","Fury, Mind","Jhin","portrait","0","0"
"2","Smoke and Mirrors","083","Foil","","Unleashed","Riftbound: League of Legends TCG","Near Mint","en","0.56","Foil","Rare","UNL-083","Spell","","Mind","","portrait","2",""
"2","Chaos Rune","R05","Standard","","Unleashed","Riftbound: League of Legends TCG","Near Mint","en","0.00","Standard","Common","UNL-R05","Rune","","Chaos","","portrait","",""
"4","Monch","035","Standard","","Unleashed","Riftbound: League of Legends TCG","Near Mint","en","0.07","Standard, Foil","Common","UNL-035","Unit","","Calm","Bandle City","portrait","6","6"
"3","Turn to Dust","070","Standard","","Unleashed","Riftbound: League of Legends TCG","Near Mint","en","0.12","Standard, Foil","Common","UNL-070","Spell","","Mind","","portrait","2","0"
"4","Towering Pairofant","008","Standard","","Unleashed","Riftbound: League of Legends TCG","Near Mint","en","0.07","Standard, Foil","Common","UNL-008","Unit","","Fury","Shurima","portrait","6","6"
"3","Mister Root","127","Standard","","Unleashed","Riftbound: League of Legends TCG","Near Mint","en","0.09","Standard, Foil","Common","UNL-127","Unit","","Chaos","Ionia, Fae","portrait","2","1"
"3","Scrutinizing Sergeant","157","Standard","","Unleashed","Riftbound: League of Legends TCG","Near Mint","en","0.09","Standard, Foil","Common","UNL-157","Unit","","Order","Demacia, Elite","portrait","6","6"
"2","Friendship","046","Standard","","Unleashed","Riftbound: League of Legends TCG","Near Mint","en","0.18","Standard, Foil","Uncommon","UNL-046","Spell","","Calm","","portrait","1",""
"2","Dusk Rose Lab","209","Standard","","Unleashed","Riftbound: League of Legends TCG","Near Mint","en","0.10","Standard, Foil","Uncommon","UNL-209","Battlefield","","","","landscape","",""
"3","Crescent Strike","072","Standard","","Unleashed","Riftbound: League of Legends TCG","Near Mint","en","0.09","Standard, Foil","Uncommon","UNL-072","Spell","","Mind","","portrait","3",""
"1","Inferna","002","Foil","","Unleashed","Riftbound: League of Legends TCG","Near Mint","en","0.23","Standard, Foil","Common","UNL-002","Unit","","Fury","Bilgewater","portrait","2","1"
"1","Undying Legion","025","Foil","","Unleashed","Riftbound: League of Legends TCG","Near Mint","en","0.12","Foil","Rare","UNL-025","Unit","","Fury","Shadow Isles, Spirit","portrait","3","3"
"1","Galio - Indefatigable","171","Foil","","Unleashed","Riftbound: League of Legends TCG","Near Mint","en","0.21","Foil","Rare","UNL-171","Unit","","Order","Demacia","portrait","3","6"
"2","Brush","T03","Standard","","Unleashed","Riftbound: League of Legends TCG","Near Mint","en","0.00","Standard","Common","UNL-T03","Battlefield","Token","Neutral","","landscape","",""
"4","Vault Breaker","010","Standard","","Unleashed","Riftbound: League of Legends TCG","Near Mint","en","0.07","Standard, Foil","Common","UNL-010","Spell","","Fury","","portrait","1",""
"4","Shadow Watcher","037","Standard","","Unleashed","Riftbound: League of Legends TCG","Near Mint","en","0.09","Standard, Foil","Common","UNL-037","Unit","","Calm","Ionia","portrait","4","5"
"4","Ruined Rex","067","Standard","","Unleashed","Riftbound: League of Legends TCG","Near Mint","en","0.08","Standard, Foil","Common","UNL-067","Unit","","Mind","Bilgewater","portrait","6","6"
"4","Walking Roost","130","Standard","","Unleashed","Riftbound: League of Legends TCG","Near Mint","en","0.04","Standard, Foil","Common","UNL-130","Unit","","Chaos","Shadow Isles","portrait","5","6"
"3","Black Rose Dignitary","152","Standard","","Unleashed","Riftbound: League of Legends TCG","Near Mint","en","0.08","Standard, Foil","Common","UNL-152","Unit","","Order","Noxus","portrait","3","2"
"4","Hunter's Machete","096","Standard","","Unleashed","Riftbound: League of Legends TCG","Near Mint","en","0.08","Standard, Foil","Common","UNL-096","Gear","","Body","Equipment","portrait","3","2"
"4","Star-Crossed","128","Standard","","Unleashed","Riftbound: League of Legends TCG","Near Mint","en","0.16","Standard, Foil","Common","UNL-128","Spell","","Chaos","","portrait","3",""
"3","Scryer's Bloom","136","Standard","","Unleashed","Riftbound: League of Legends TCG","Near Mint","en","0.10","Standard, Foil","Uncommon","UNL-136","Gear","","Chaos","","portrait","1","0"
"3","Trapping Grounds","217","Standard","","Unleashed","Riftbound: League of Legends TCG","Near Mint","en","0.10","Standard, Foil","Uncommon","UNL-217","Battlefield","","","","landscape","",""
"2","Insightful Investigator","135","Standard","","Unleashed","Riftbound: League of Legends TCG","Near Mint","en","0.13","Standard, Foil","Uncommon","UNL-135","Unit","","Chaos","Piltover","portrait","3","3"
"1","Chakram Dancer","071","Foil","","Unleashed","Riftbound: League of Legends TCG","Near Mint","en","0.24","Standard, Foil","Uncommon","UNL-071","Unit","","Mind","Bilgewater","portrait","3","3"
"2","Kha'Zix - Mutating Horror","143","Foil","","Unleashed","Riftbound: League of Legends TCG","Near Mint","en","0.23","Foil","Rare","UNL-143","Unit","","Chaos","The Void, Kha'Zix","portrait","4","4"
"2","Clash of Giants","110","Foil","","Unleashed","Riftbound: League of Legends TCG","Near Mint","en","0.14","Foil","Rare","UNL-110","Spell","","Body","","portrait","6","0"
"4","Frisky Hunter","033","Standard","","Unleashed","Riftbound: League of Legends TCG","Near Mint","en","0.07","Standard, Foil","Common","UNL-033","Unit","","Calm","Cat, Zaun","portrait","4","3"
"4","Spectral Centaur","068","Standard","","Unleashed","Riftbound: League of Legends TCG","Near Mint","en","0.10","Standard, Foil","Common","UNL-068","Unit","","Mind","Shadow Isles, Spirit","portrait","6","5"
"4","Sharkling","006","Standard","","Unleashed","Riftbound: League of Legends TCG","Near Mint","en","0.05","Standard, Foil","Common","UNL-006","Unit","","Fury","Bilgewater","portrait","3","1"
"4","Lunar Boon","125","Standard","","Unleashed","Riftbound: League of Legends TCG","Near Mint","en","0.07","Standard, Foil","Common","UNL-125","Spell","","Chaos","","portrait","3","0"
"4","Ultrasoft Poro","160","Standard","","Unleashed","Riftbound: League of Legends TCG","Near Mint","en","0.08","Standard, Foil","Common","UNL-160","Unit","","Order","Freljord, Poro","portrait","5","5"
"4","Gemhand Hunter","094","Standard","","Unleashed","Riftbound: League of Legends TCG","Near Mint","en","0.05","Standard, Foil","Common","UNL-094","Unit","","Body","Mount Targon, Yordle","portrait","2","2"
"5","Megatusk","126","Standard","","Unleashed","Riftbound: League of Legends TCG","Near Mint","en","0.05","Standard, Foil","Common","UNL-126","Unit","","Chaos","Bilgewater","portrait","6","6"
"2","Soul Shepherd","077","Standard","","Unleashed","Riftbound: League of Legends TCG","Near Mint","en","0.09","Standard, Foil","Uncommon","UNL-077","Unit","","Mind","Shadow Isles","portrait","5","3"
"3","Forbidding Waste","210","Standard","","Unleashed","Riftbound: League of Legends TCG","Near Mint","en","0.08","Standard, Foil","Uncommon","UNL-210","Battlefield","","","","landscape","",""
"3","Enthralling Protector","162","Standard","","Unleashed","Riftbound: League of Legends TCG","Near Mint","en","0.06","Standard, Foil","Uncommon","UNL-162","Unit","","Order","Ionia, Fae","portrait","2","2"
"1","Bewitching Spirit","121","Foil","","Unleashed","Riftbound: League of Legends TCG","Near Mint","en","0.26","Standard, Foil","Common","UNL-121","Unit","","Chaos","Shadow Isles, Spirit","portrait","3","2"
"1","Sumpworks Map","085","Foil","","Unleashed","Riftbound: League of Legends TCG","Near Mint","en","0.10","Foil","Rare","UNL-085","Gear","","Mind","","portrait","2","0"
"1","Evelynn - Entrancing","141","Foil","","Unleashed","Riftbound: League of Legends TCG","Near Mint","en","0.62","Foil","Rare","UNL-141","Unit","Champion","Chaos","Demon, Evelynn","portrait","2","2"
"2","The Syren","184","Standard","","Origins - Main Set","Riftbound: League of Legends TCG","Near Mint","en","0.23","Standard, Foil","Uncommon","OGN-184","Gear","","Chaos","","portrait","2",""
"3","Dramatic Visionary","062","Standard","","Unleashed","Riftbound: League of Legends TCG","Near Mint","en","0.06","Standard, Foil","Common","UNL-062","Unit","","Mind","Ionia","portrait","4","4"
"3","Revna the Lorekeeper","005","Standard","","Unleashed","Riftbound: League of Legends TCG","Near Mint","en","0.08","Standard, Foil","Common","UNL-005","Unit","","Fury","Freljord","portrait","7","7"
"3","Concentrate","091","Standard","","Unleashed","Riftbound: League of Legends TCG","Near Mint","en","0.05","Standard, Foil","Common","UNL-091","Spell","","Body","","portrait","5",""
"3","Heroic Charge","155","Standard","","Unleashed","Riftbound: League of Legends TCG","Near Mint","en","0.06","Standard, Foil","Common","UNL-155","Spell","","Order","","portrait","3","0"
"3","Kinkou Initiate","097","Standard","","Unleashed","Riftbound: League of Legends TCG","Near Mint","en","0.07","Standard, Foil","Common","UNL-097","Unit","","Body","Ionia","portrait","3","3"
"2","Altar of Blood","206","Standard","","Unleashed","Riftbound: League of Legends TCG","Near Mint","en","0.09","Standard, Foil","Uncommon","UNL-206","Battlefield","","","","landscape","",""
"1","Deadly Flourish","073","Standard","","Unleashed","Riftbound: League of Legends TCG","Near Mint","en","0.17","Standard, Foil","Uncommon","UNL-073","Spell","","Mind","","portrait","4",""
"1","Lotus Trap","013","Standard","","Unleashed","Riftbound: League of Legends TCG","Near Mint","en","0.12","Standard, Foil","Uncommon","UNL-013","Spell","","Fury","","portrait","2","0"
"1","The List","138","Foil","","Unleashed","Riftbound: League of Legends TCG","Near Mint","en","0.62","Standard, Foil","Uncommon","UNL-138","Gear","","Chaos","","portrait","1",""
"1","Tricksy Tentacles","054","Foil","","Unleashed","Riftbound: League of Legends TCG","Near Mint","en","0.21","Foil","Rare","UNL-054","Spell","","Calm","","portrait","4","0"
"1","LeBlanc - Deceiver","199","Foil","","Unleashed","Riftbound: League of Legends TCG","Near Mint","en","0.17","Foil","Rare","UNL-199","Legend","","Mind, Order","LeBlanc","portrait","0","0"
"3","Mutated Mouser","036","Standard","","Unleashed","Riftbound: League of Legends TCG","Near Mint","en","0.08","Standard, Foil","Common","UNL-036","Unit","","Calm","Bilgewater, Cat","portrait","2","1"
"3","Soul Harvest","159","Standard","","Unleashed","Riftbound: League of Legends TCG","Near Mint","en","0.09","Standard, Foil","Common","UNL-159","Spell","","Order","","portrait","2","0"
"3","Demacian Diplomat","092","Standard","","Unleashed","Riftbound: League of Legends TCG","Near Mint","en","0.10","Standard, Foil","Common","UNL-092","Unit","","Body","Demacia","portrait","2","2"
"3","Isolate","124","Standard","","Unleashed","Riftbound: League of Legends TCG","Near Mint","en","0.10","Standard, Foil","Common","UNL-124","Spell","","Chaos","None","portrait","2",""
"1","Forgotten Signpost","045","Standard","","Unleashed","Riftbound: League of Legends TCG","Near Mint","en","0.09","Standard, Foil","Common","UNL-045","Gear","","Calm","None","portrait","2",""
"2","Valley of Idols","218","Standard","","Unleashed","Riftbound: League of Legends TCG","Near Mint","en","0.09","Standard, Foil","Uncommon","UNL-218","Battlefield","","","","landscape","0","0"
"1","Sprite Burst","069","Foil","","Unleashed","Riftbound: League of Legends TCG","Near Mint","en","0.32","Standard, Foil","Common","UNL-069","Spell","","Mind","","portrait","5",""
"1","Hextech Gauntlets","188","Foil","","Unleashed","Riftbound: League of Legends TCG","Near Mint","en","0.93","Foil","Epic","UNL-188","Gear","Signature","Fury, Order","Vi, Equipment","portrait","3",""
"3","Skyward Strike","038","Standard","","Unleashed","Riftbound: League of Legends TCG","Near Mint","en","0.10","Standard, Foil","Common","UNL-038","Spell","","Calm","","portrait","2",""
"2","Icevale Archer","065","Standard","","Unleashed","Riftbound: League of Legends TCG","Near Mint","en","0.09","Standard, Foil","Common","UNL-065","Unit","","Mind","Freljord","portrait","2","2"
"2","Crimson Pigeons","154","Standard","","Unleashed","Riftbound: League of Legends TCG","Near Mint","en","0.08","Standard, Foil","Common","UNL-154","Unit","","Order","Noxus, Bird","portrait","3","3"
"2","Fresh Beans","011","Standard","","Unleashed","Riftbound: League of Legends TCG","Near Mint","en","0.11","Standard, Foil","Uncommon","UNL-011","Gear","","Fury","","portrait","2",""
"1","Abandon","131","Standard","","Unleashed","Riftbound: League of Legends TCG","Near Mint","en","0.40","Standard, Foil","Uncommon","UNL-131","Spell","","Chaos","","portrait","2","0"
"1","Blighted Battleaxe","019","Foil","","Unleashed","Riftbound: League of Legends TCG","Near Mint","en","0.25","Foil","Rare","UNL-019","Gear","","Fury","Equipment","portrait","4",""
"1","Jhin - Murderous Artist","022","Foil","","Unleashed","Riftbound: League of Legends TCG","Near Mint","en","0.19","Foil","Rare","UNL-022","Unit","Champion","Fury","Jhin, Ionia","portrait","4","4"
"3","Combat Experience","031","Standard","","Unleashed","Riftbound: League of Legends TCG","Near Mint","en","0.05","Standard, Foil","Common","UNL-031","Spell","","Calm","","portrait","1",""
"3","Towering Combatant","099","Standard","","Unleashed","Riftbound: League of Legends TCG","Near Mint","en","0.05","Standard, Foil","Common","UNL-099","Unit","","Body","Shurima","portrait","4","3"
"2","Blast Cone","133","Standard","","Unleashed","Riftbound: League of Legends TCG","Near Mint","en","0.09","Standard, Foil","Uncommon","UNL-133","Gear","","Chaos","","portrait","4","0"
"2","The Academy","216","Standard","","Unleashed","Riftbound: League of Legends TCG","Near Mint","en","0.10","Standard, Foil","Uncommon","UNL-216","Battlefield","","","","landscape","",""
"1","Monch","035","Foil","","Unleashed","Riftbound: League of Legends TCG","Near Mint","en","0.17","Standard, Foil","Common","UNL-035","Unit","","Calm","Bandle City","portrait","6","6"
"1","Nidalee - Cat Form","114","Foil","","Unleashed","Riftbound: League of Legends TCG","Near Mint","en","0.86","Foil","Rare","UNL-114","Unit","Champion","Body","Cat, Ixtal, Nidalee","portrait","3","4"
"1","Rengar - Unseen","024","Foil","","Unleashed","Riftbound: League of Legends TCG","Near Mint","en","0.30","Foil","Rare","UNL-024","Unit","Champion","Fury","Cat, Ixtal, Rengar","portrait","4","4"
"3","Sprite","T07","Standard","","Unleashed","Riftbound: League of Legends TCG","Near Mint","en","0.00","Standard","Common","UNL-T07","Unit","Token","Neutral","Fae","portrait","","3"
"3","Prepared Neophyte","004","Standard","","Unleashed","Riftbound: League of Legends TCG","Near Mint","en","0.05","Standard, Foil","Common","UNL-004","Unit","","Fury","Shadow Isles","portrait","3","1"
"2","Herald of Spring","034","Standard","","Unleashed","Riftbound: League of Legends TCG","Near Mint","en","0.07","Standard, Foil","Common","UNL-034","Unit","","Calm","Ionia","portrait","4","4"
"3","Moonlight Affliction","066","Standard","","Unleashed","Riftbound: League of Legends TCG","Near Mint","en","0.07","Standard, Foil","Common","UNL-066","Spell","","Mind","","portrait","7",""
"2","Upstage Comedy","009","Standard","","Unleashed","Riftbound: League of Legends TCG","Near Mint","en","0.07","Standard, Foil","Common","UNL-009","Spell","","Fury","","portrait","2",""
"3","Targonian Visionary","098","Standard","","Unleashed","Riftbound: League of Legends TCG","Near Mint","en","0.10","Standard, Foil","Common","UNL-098","Unit","","Body","Mount Targon","portrait","6","6"
"1","Gentle Gemdragon","104","Standard","","Unleashed","Riftbound: League of Legends TCG","Near Mint","en","0.10","Standard, Foil","Uncommon","UNL-104","Unit","","Body","Dragon, Mount Targon","portrait","8","8"
"1","Allay, Eager Admirer","041","Standard","","Unleashed","Riftbound: League of Legends TCG","Near Mint","en","0.14","Standard, Foil","Uncommon","UNL-041","Unit","","Calm","Bandle City, Yordle","portrait","3","3"
"1","Call to Battle","101","Standard","","Unleashed","Riftbound: League of Legends TCG","Near Mint","en","0.07","Standard, Foil","Uncommon","UNL-101","Spell","","Body","None","portrait","3",""
"1","Demacian Diplomat","092","Foil","","Unleashed","Riftbound: League of Legends TCG","Near Mint","en","0.18","Standard, Foil","Common","UNL-092","Unit","","Body","Demacia","portrait","2","2"
"1","Moonfall","198","Foil","","Unleashed","Riftbound: League of Legends TCG","Near Mint","en","21.72","Foil","Epic","UNL-198","Spell","Signature","Mind, Chaos","Diana","portrait","3",""
"1","Order Rune","R06","Standard","","Unleashed","Riftbound: League of Legends TCG","Near Mint","en","0.00","Standard","Common","UNL-R06","Rune","","Order","","portrait","",""
"3","Downstage Dramatics","061","Standard","","Unleashed","Riftbound: League of Legends TCG","Near Mint","en","0.05","Standard, Foil","Common","UNL-061","Spell","","Mind","","portrait","2","0"
"3","Double Trouble","032","Standard","","Unleashed","Riftbound: League of Legends TCG","Near Mint","en","0.12","Standard, Foil","Common","UNL-032","Spell","","Calm","","portrait","2",""
"3","Fate Weaver","064","Standard","","Unleashed","Riftbound: League of Legends TCG","Near Mint","en","0.07","Standard, Foil","Common","UNL-064","Unit","","Mind","Ionia","portrait","5","4"
"1","Forgotten Library","211","Standard","","Unleashed","Riftbound: League of Legends TCG","Near Mint","en","0.10","Standard, Foil","Uncommon","UNL-211","Battlefield","","","","landscape","",""
"1","Enthusiastic Promoter","043","Standard","","Unleashed","Riftbound: League of Legends TCG","Near Mint","en","0.07","Standard, Foil","Uncommon","UNL-043","Unit","","Calm","Bandle City, Yordle","portrait","3","2"
"1","Mischievous Marai","003","Foil","","Unleashed","Riftbound: League of Legends TCG","Near Mint","en","0.15","Standard, Foil","Common","UNL-003","Unit","","Fury","Bilgewater","portrait","2","2"
"1","Atakhan","170","Foil","","Unleashed","Riftbound: League of Legends TCG","Near Mint","en","0.33","Foil","Rare","UNL-170","Unit","","Order","Noxus, Demon","portrait","10","7"
"1","Vex - Gloomist","193","Foil","","Unleashed","Riftbound: League of Legends TCG","Near Mint","en","0.14","Foil","Rare","UNL-193","Legend","","Calm, Chaos","Vex","portrait","0","0"
"2","Mind Rune","R03","Standard","","Unleashed","Riftbound: League of Legends TCG","Near Mint","en","0.00","Standard","Common","UNL-R03","Rune","","Mind","","portrait","",""
"3","Bandle Soldier","151","Standard","","Unleashed","Riftbound: League of Legends TCG","Near Mint","en","0.07","Standard, Foil","Common","UNL-151","Unit","","Order","Bandle City, Yordle","portrait","4","5"
"3","Dragonsoul Sage","093","Standard","","Unleashed","Riftbound: League of Legends TCG","Near Mint","en","0.06","Standard, Foil","Common","UNL-093","Unit","","Body","Ionia","portrait","2","1"
"2","Black Flame Altar","208","Standard","","Unleashed","Riftbound: League of Legends TCG","Near Mint","en","0.08","Standard, Foil","Uncommon","UNL-208","Battlefield","","","","landscape","",""
"1","Disposal Order","103","Standard","","Unleashed","Riftbound: League of Legends TCG","Near Mint","en","0.15","Standard, Foil","Uncommon","UNL-103","Spell","","Body","","portrait","2","0"
"1","Abandoned Hall","205","Standard","","Unleashed","Riftbound: League of Legends TCG","Near Mint","en","0.10","Standard, Foil","Uncommon","UNL-205","Battlefield","","","","landscape","",""
"1","Sprite Queen","084","Foil","","Unleashed","Riftbound: League of Legends TCG","Near Mint","en","0.20","Foil","Rare","UNL-084","Unit","","Mind","Ionia, Fae","portrait","7","6"
"2","Scuttle Crab","053","Foil","","Unleashed","Riftbound: League of Legends TCG","Near Mint","en","0.62","Foil","Rare","UNL-053","Unit","","Calm","Bilgewater","portrait","2","0"
"1","Vilemaw","060","Foil","","Unleashed","Riftbound: League of Legends TCG","Near Mint","en","29.14","Foil","Epic","UNL-060","Unit","","Calm","Shadow Isles, Spider","portrait","8","8"
"3","Bird","T02","Standard","","Unleashed","Riftbound: League of Legends TCG","Near Mint","en","0.00","Standard","Common","UNL-T02","Unit","Token","Neutral","Bird","portrait","","1"
"4","Soul Sword","039","Standard","","Unleashed","Riftbound: League of Legends TCG","Near Mint","en","0.09","Standard, Foil","Common","UNL-039","Gear","","Calm","Equipment","portrait","1",""
"3","Mischievous Marai","003","Standard","","Unleashed","Riftbound: League of Legends TCG","Near Mint","en","0.07","Standard, Foil","Common","UNL-003","Unit","","Fury","Bilgewater","portrait","2","2"
"3","Bewitching Spirit","121","Standard","","Unleashed","Riftbound: League of Legends TCG","Near Mint","en","0.09","Standard, Foil","Common","UNL-121","Unit","","Chaos","Shadow Isles, Spirit","portrait","3","2"
"3","Carrion Dredger","153","Standard","","Unleashed","Riftbound: League of Legends TCG","Near Mint","en","0.04","Standard, Foil","Common","UNL-153","Unit","","Order","Mech, Zaun","portrait","2","1"
"1","Star Spring","215","Standard","","Unleashed","Riftbound: League of Legends TCG","Near Mint","en","0.11","Standard, Foil","Uncommon","UNL-215","Battlefield","","","","landscape","0","0"
"2","Amateur Recital","207","Standard","","Unleashed","Riftbound: League of Legends TCG","Near Mint","en","0.09","Standard, Foil","Uncommon","UNL-207","Battlefield","","","","landscape","",""
"1","Undying Loyalty","168","Standard","","Unleashed","Riftbound: League of Legends TCG","Near Mint","en","0.19","Standard, Foil","Uncommon","UNL-168","Spell","","Order","None","portrait","2",""
"2","Wily Newtfish","108","Standard","","Unleashed","Riftbound: League of Legends TCG","Near Mint","en","0.06","Standard, Foil","Uncommon","UNL-108","Unit","","Body","Bilgewater","portrait","4","4"
"1","Diana - Lunari","079","Foil","","Unleashed","Riftbound: League of Legends TCG","Near Mint","en","0.15","Foil","Rare","UNL-079","Unit","Champion","Mind","Mount Targon, Diana","portrait","3","3"
"1","Rengar - Pridestalker","183","Foil","","Unleashed","Riftbound: League of Legends TCG","Near Mint","en","0.17","Foil","Rare","UNL-183","Legend","","Fury, Body","Rengar","portrait","",""
"1","Sprite Fountain","078","Standard","","Unleashed","Riftbound: League of Legends TCG","Near Mint","en","1.33","Standard, Foil","Uncommon","UNL-078","Gear","","Mind","","portrait","2","0"
"2","Crowd Favorite","102","Standard","","Unleashed","Riftbound: League of Legends TCG","Near Mint","en","0.08","Standard, Foil","Uncommon","UNL-102","Unit","","Body","Noxus","portrait","3","3"
"1","Gardens of Becoming","213","Standard","","Unleashed","Riftbound: League of Legends TCG","Near Mint","en","0.08","Standard, Foil","Uncommon","UNL-213","Battlefield","","","","landscape","",""
"1","Towering Pairofant","008","Foil","","Unleashed","Riftbound: League of Legends TCG","Near Mint","en","0.18","Standard, Foil","Common","UNL-008","Unit","","Fury","Shurima","portrait","6","6"
"1","Ashe - Focused","169","Foil","","Unleashed","Riftbound: League of Legends TCG","Near Mint","en","0.29","Foil","Rare","UNL-169","Unit","Champion","Order","Freljord, Ashe","portrait","5","4"
"1","Kha'Zix - Voidreaver","201","Foil","","Unleashed","Riftbound: League of Legends TCG","Near Mint","en","0.13","Foil","Rare","UNL-201","Legend","","Body, Chaos","Kha'Zix","portrait","0","0"
"2","Grim Resolve","095","Standard","","Unleashed","Riftbound: League of Legends TCG","Near Mint","en","0.08","Standard, Foil","Common","UNL-095","Spell","","Body","None","portrait","2",""
"2","Trevor Snoozebottom","048","Foil","","Unleashed","Riftbound: League of Legends TCG","Near Mint","en","0.33","Standard, Foil","Uncommon","UNL-048","Unit","","Calm","Ionia, Yordle","portrait","3","3"
"1","Shard of Undoing","174","Foil","","Unleashed","Riftbound: League of Legends TCG","Near Mint","en","0.19","Foil","Rare","UNL-174","Gear","","Order","","portrait","6","0"
"1","Bone Skewer","139","Foil","","Unleashed","Riftbound: League of Legends TCG","Near Mint","en","0.58","Foil","Rare","UNL-139","Spell","","Chaos","","portrait","2","0"
"3","Loyal Poro","156","Standard","","Unleashed","Riftbound: League of Legends TCG","Near Mint","en","0.06","Standard, Foil","Common","UNL-156","Unit","","Order","Freljord, Poro","portrait","3","3"
"2","Vicious Snapjaws","129","Standard","","Unleashed","Riftbound: League of Legends TCG","Near Mint","en","0.04","Standard, Foil","Common","UNL-129","Unit","","Chaos","Bilgewater","portrait","5","5"
"1","Combat Experience","031","Foil","","Unleashed","Riftbound: League of Legends TCG","Near Mint","en","0.17","Standard, Foil","Common","UNL-031","Spell","","Calm","","portrait","1",""
"1","Maduli the Gatekeeper","144","Foil","","Unleashed","Riftbound: League of Legends TCG","Near Mint","en","0.12","Foil","Rare","UNL-144","Unit","","Chaos","Bandle City","portrait","7","6"
"1","Pyke - Dockside Butcher","028","Foil","","Unleashed","Riftbound: League of Legends TCG","Near Mint","en","4.60","Foil","Epic","UNL-028","Unit","Champion","Fury","Bilgewater, Pyke","portrait","3","2"
"1","Fury Rune","R01","Standard","","Unleashed","Riftbound: League of Legends TCG","Near Mint","en","0.00","Standard","Common","UNL-R01","Rune","","Fury","","portrait","",""
"3","Eclipse","063","Standard","","Unleashed","Riftbound: League of Legends TCG","Near Mint","en","0.08","Standard, Foil","Common","UNL-063","Spell","","Mind","None","portrait","3",""
"3","Crescent Guardian","122","Standard","","Unleashed","Riftbound: League of Legends TCG","Near Mint","en","0.14","Standard, Foil","Common","UNL-122","Unit","","Chaos","Mount Targon","portrait","4","4"
"1","Lord Broadmane","012","Standard","","Unleashed","Riftbound: League of Legends TCG","Near Mint","en","0.06","Standard, Foil","Uncommon","UNL-012","Unit","","Fury","Noxus","portrait","5","5"
"2","Frozen Fortress","212","Standard","","Unleashed","Riftbound: League of Legends TCG","Near Mint","en","0.07","Standard, Foil","Uncommon","UNL-212","Battlefield","","","","landscape","",""
"1","Angler Beast","132","Standard","","Unleashed","Riftbound: League of Legends TCG","Near Mint","en","0.12","Standard, Foil","Uncommon","UNL-132","Unit","","Chaos","Bilgewater","portrait","5","5"
"1","Crimson Pigeons","154","Foil","","Unleashed","Riftbound: League of Legends TCG","Near Mint","en","0.20","Standard, Foil","Common","UNL-154","Unit","","Order","Noxus, Bird","portrait","3","3"
"1","Master Yi - Wuju Master","191","Foil","","Unleashed","Riftbound: League of Legends TCG","Near Mint","en","0.10","Foil","Rare","UNL-191","Legend","","Calm, Body","Master Yi","portrait","",""
"1","Lillia - Protector of Dreams (Alternate Art)","058a","Foil","","Unleashed","Riftbound: League of Legends TCG","Near Mint","en","4.27","Foil","Showcase","UNL-058a","Unit","Champion","Calm","Ionia, Fae, Lillia","portrait","5","4"
"2","Smite","007","Standard","","Unleashed","Riftbound: League of Legends TCG","Near Mint","en","0.06","Standard, Foil","Common","UNL-007","Spell","","Fury","","portrait","2",""
"1","Back Off","042","Standard","","Unleashed","Riftbound: League of Legends TCG","Near Mint","en","0.22","Standard, Foil","Uncommon","UNL-042","Spell","","Calm","","portrait","3",""
"2","Vaults of Helia","219","Standard","","Unleashed","Riftbound: League of Legends TCG","Near Mint","en","0.09","Standard, Foil","Uncommon","UNL-219","Battlefield","","","","landscape","",""
"1","Moonlight Affliction","066","Foil","","Unleashed","Riftbound: League of Legends TCG","Near Mint","en","0.16","Standard, Foil","Common","UNL-066","Spell","","Mind","","portrait","7",""
"2","Lillia - Bashful Bloom","189","Foil","","Unleashed","Riftbound: League of Legends TCG","Near Mint","en","0.14","Foil","Rare","UNL-189","Legend","","Calm, Mind","Lillia","portrait","0","0"
"2","Honeyfruit","049","Foil","","Unleashed","Riftbound: League of Legends TCG","Near Mint","en","0.18","Foil","Rare","UNL-049","Gear","","Calm","","portrait","2",""
"2","Baron Pit","T01","Standard","","Unleashed","Riftbound: League of Legends TCG","Near Mint","en","0.00","Standard","Common","UNL-T01","Battlefield","Token","Neutral","","landscape","",""
"1","Ripper's Bay","214","Standard","","Unleashed","Riftbound: League of Legends TCG","Near Mint","en","0.10","Standard, Foil","Uncommon","UNL-214","Battlefield","","","","landscape","",""
"1","Starhound","167","Standard","","Unleashed","Riftbound: League of Legends TCG","Near Mint","en","0.12","Standard, Foil","Uncommon","UNL-167","Unit","","Order","Dog, Mount Targon","portrait","5","6"
"1","Black Flame Altar","208","Foil","","Unleashed","Riftbound: League of Legends TCG","Near Mint","en","0.26","Standard, Foil","Uncommon","UNL-208","Battlefield","","","","landscape","",""
"1","Syndra - Transcendent","146","Foil","","Unleashed","Riftbound: League of Legends TCG","Near Mint","en","0.26","Foil","Rare","UNL-146","Unit","Champion","Chaos","Ionia, Syndra","portrait","6","6"
"1","Yuumi - Magical Cat","056","Foil","","Unleashed","Riftbound: League of Legends TCG","Near Mint","en","0.16","Foil","Rare","UNL-056","Unit","Champion","Calm","Bandle City, Cat, Fae, Yuumi","portrait","3","1"
"1","Divining Shells","161","Standard","","Unleashed","Riftbound: League of Legends TCG","Near Mint","en","0.08","Standard, Foil","Uncommon","UNL-161","Gear","","Order","","portrait","2",""
"1","Chakram Dancer","071","Standard","","Unleashed","Riftbound: League of Legends TCG","Near Mint","en","0.07","Standard, Foil","Uncommon","UNL-071","Unit","","Mind","Bilgewater","portrait","3","3"
"1","Ripper's Bay","214","Foil","","Unleashed","Riftbound: League of Legends TCG","Near Mint","en","0.25","Standard, Foil","Uncommon","UNL-214","Battlefield","","","","landscape","",""
"2","Master Yi - Tempered","113","Foil","","Unleashed","Riftbound: League of Legends TCG","Near Mint","en","0.16","Foil","Rare","UNL-113","Unit","Champion","Body","Master Yi, Ionia","portrait","4","4"
"1","Blood Rose","109","Foil","","Unleashed","Riftbound: League of Legends TCG","Near Mint","en","0.19","Foil","Rare","UNL-109","Gear","","Body","","portrait","1",""
"1","Fury Rune","R01a","Foil","","Unleashed","Riftbound: League of Legends TCG","Near Mint","en","5.88","Foil","Showcase","UNL-R01a","Rune","","Fury","","portrait","",""
"1","Lunar Boon","125","Foil","","Unleashed","Riftbound: League of Legends TCG","Near Mint","en","0.22","Standard, Foil","Common","UNL-125","Spell","","Chaos","","portrait","3","0"
"1","Pyke - Bloodharbor Ripper","185","Foil","","Unleashed","Riftbound: League of Legends TCG","Near Mint","en","0.18","Foil","Rare","UNL-185","Legend","","Fury, Chaos","Pyke","portrait","",""
"1","Poppy - Paragon","116","Foil","","Unleashed","Riftbound: League of Legends TCG","Near Mint","en","0.24","Foil","Rare","UNL-116","Unit","Champion","Body","Demacia, Yordle, Poppy","portrait","5","5"
"1","Reflection","T06","Standard","","Unleashed","Riftbound: League of Legends TCG","Near Mint","en","0.00","Standard","Common","UNL-T06","Unit","Token","Neutral","","portrait","","0"
"1","Square Up","017","Standard","","Unleashed","Riftbound: League of Legends TCG","Near Mint","en","0.14","Standard, Foil","Uncommon","UNL-017","Spell","","Fury","","portrait","4",""
"1","Sinister Poro","137","Standard","","Unleashed","Riftbound: League of Legends TCG","Near Mint","en","0.16","Standard, Foil","Uncommon","UNL-137","Unit","","Chaos","Poro, Shadow Isles","portrait","2","1"
"1","Mosstomper","047","Standard","","Unleashed","Riftbound: League of Legends TCG","Near Mint","en","0.11","Standard, Foil","Uncommon","UNL-047","Unit","","Calm","Ixtal, Dog","portrait","3","3"
"1","Xerath - Freed","026","Foil","","Unleashed","Riftbound: League of Legends TCG","Near Mint","en","0.15","Foil","Rare","UNL-026","Unit","Champion","Fury","Shurima, Xerath","portrait","5","5"
"1","Calm Rune","R02","Standard","","Unleashed","Riftbound: League of Legends TCG","Near Mint","en","0.00","Standard","Common","UNL-R02","Rune","","Calm","","portrait","",""
"1","Loyal Poro","156","Foil","","Unleashed","Riftbound: League of Legends TCG","Near Mint","en","0.41","Standard, Foil","Common","UNL-156","Unit","","Order","Freljord, Poro","portrait","3","3"
"1","Daisy!","196","Foil","","Unleashed","Riftbound: League of Legends TCG","Near Mint","en","1.29","Foil","Epic","UNL-196","Unit","Signature","Calm, Order","Ionia, Ivern","portrait","9","8"
"1","Stare Down","107","Standard","","Unleashed","Riftbound: League of Legends TCG","Near Mint","en","0.13","Standard, Foil","Uncommon","UNL-107","Spell","","Body","None","portrait","2",""
"1","Stalking Wolf","166","Standard","","Unleashed","Riftbound: League of Legends TCG","Near Mint","en","0.08","Standard, Foil","Uncommon","UNL-166","Unit","","Order","Dog, Freljord","portrait","4","6"
"1","Zilean - Time Mage","086","Foil","","Unleashed","Riftbound: League of Legends TCG","Near Mint","en","0.22","Foil","Rare","UNL-086","Unit","","Mind","Icathia","portrait","5","5"
"1","Diana - Lunari (Alternate Art)","079a","Foil","","Unleashed","Riftbound: League of Legends TCG","Near Mint","en","7.70","Foil","Showcase","UNL-079a","Unit","Champion","Mind","Mount Targon, Diana","portrait","3","3"
"1","Repulse","106","Standard","","Unleashed","Riftbound: League of Legends TCG","Near Mint","en","0.42","Standard, Foil","Uncommon","UNL-106","Spell","","Body","","portrait","1","0"
"1","Shadow's Call","165","Standard","","Unleashed","Riftbound: League of Legends TCG","Near Mint","en","0.33","Standard, Foil","Uncommon","UNL-165","Spell","","Order","","portrait","2",""
"1","Petal Pixie","076","Foil","","Unleashed","Riftbound: League of Legends TCG","Near Mint","en","0.43","Standard, Foil","Common","UNL-076","Unit","","Mind","Ionia, Fae","portrait","2","2"
"1","Petal Pixie","076","Standard","","Unleashed","Riftbound: League of Legends TCG","Near Mint","en","0.12","Standard, Foil","Common","UNL-076","Unit","","Mind","Ionia, Fae","portrait","2","2"
"1","Poppy - Keeper of the Hammer","203","Foil","","Unleashed","Riftbound: League of Legends TCG","Near Mint","en","0.13","Foil","Rare","UNL-203","Legend","","Body, Order","Poppy","portrait","",""
"1","Arachnoid Horror","117","Foil","","Unleashed","Riftbound: League of Legends TCG","Near Mint","en","2.82","Foil","Epic","UNL-117","Unit","","Body","Shadow Isles, Spider","portrait","6","6"
"1","Gustwalker","075","Standard","","Unleashed","Riftbound: League of Legends TCG","Near Mint","en","0.08","Standard, Foil","Uncommon","UNL-075","Unit","","Mind","Ionia, Dog","portrait","3","3"
"1","Right of Conquest","015","Standard","","Unleashed","Riftbound: League of Legends TCG","Near Mint","en","0.08","Standard, Foil","Uncommon","UNL-015","Spell","","Fury","","portrait","3","0"
"1","Conscription","140","Foil","","Unleashed","Riftbound: League of Legends TCG","Near Mint","en","0.13","Foil","Rare","UNL-140","Spell","","Chaos","","portrait","5","0"
"1","Diana - Scorn of the Moon","197","Foil","","Unleashed","Riftbound: League of Legends TCG","Near Mint","en","0.18","Foil","Rare","UNL-197","Legend","","Mind, Chaos","Diana","portrait","0","0"
"1","Blue Sentinel","087","Foil","","Unleashed","Riftbound: League of Legends TCG","Near Mint","en","2.07","Foil","Epic","UNL-087","Unit","","Mind","Mount Targon","portrait","4","4"
"1","Scorchclaw","016","Standard","","Unleashed","Riftbound: League of Legends TCG","Near Mint","en","0.09","Standard, Foil","Uncommon","UNL-016","Unit","","Fury","Noxus, Dog","portrait","3","3"
"1","Grim Resolve","095","Foil","","Unleashed","Riftbound: League of Legends TCG","Near Mint","en","0.22","Standard, Foil","Common","UNL-095","Spell","","Body","None","portrait","2",""
"1","Vi - Peacekeeper","176","Foil","","Unleashed","Riftbound: League of Legends TCG","Near Mint","en","0.59","Foil","Rare","UNL-176","Unit","Champion","Order","Piltover, Vi","portrait","5","5"
"1","Body Rune","R04","Standard","","Unleashed","Riftbound: League of Legends TCG","Near Mint","en","0.00","Standard","Common","UNL-R04","Rune","","Body","","portrait","",""
"1","Katarina - Reckless","023","Foil","","Unleashed","Riftbound: League of Legends TCG","Near Mint","en","0.24","Foil","Rare","UNL-023","Unit","Champion","Fury","Noxus","portrait","5","5"
"1","Scorchclaw","016","Foil","","Unleashed","Riftbound: League of Legends TCG","Near Mint","en","0.27","Standard, Foil","Uncommon","UNL-016","Unit","","Fury","Noxus, Dog","portrait","3","3"